approach,accuracy,f1,loss
feature_extraction_freeze_all,0.6666666666666666,0.8,0.6382869482040405
fine_tune_last_layer,0.3333333333333333,0.0,0.710488498210907
