{
  "k": 2,
  "silhouette": 0.24438602114046967,
  "pca_explained_variance_ratio": [
    0.40426919271511946,
    0.17296335679352492
  ]
}