{
  "k": 4,
  "inertia": 78588.17690587258,
  "silhouette": 0.16629822577534817,
  "davies_bouldin": 1.6846625199991947,
  "pca_explained_variance_ratio": [
    0.40426919271511946,
    0.17296335679352492
  ]
}