{
  "k": 2,
  "inertia": 99595.05156824444,
  "silhouette": 0.24438602114046967,
  "davies_bouldin": 1.571985124737575,
  "pca_explained_variance_ratio": [
    0.40426919271511946,
    0.17296335679352492
  ]
}