{
  "k": 6,
  "silhouette": 0.16351362466372518,
  "pca_explained_variance_ratio": [
    0.40426919271511946,
    0.17296335679352492
  ]
}