{
  "k": 5,
  "silhouette": 0.17965276532120425,
  "pca_explained_variance_ratio": [
    0.40426919271511946,
    0.17296335679352492
  ]
}