{
  "k": 6,
  "inertia": 66664.93316633315,
  "silhouette": 0.16351362466372518,
  "davies_bouldin": 1.5568475298121793,
  "pca_explained_variance_ratio": [
    0.40426919271511946,
    0.17296335679352492
  ]
}