{
  "k": 5,
  "inertia": 71879.13924468428,
  "silhouette": 0.17965276532120425,
  "davies_bouldin": 1.520962539165525,
  "pca_explained_variance_ratio": [
    0.40426919271511946,
    0.17296335679352492
  ]
}