{
  "k": 4,
  "silhouette": 0.16629822577534817,
  "pca_explained_variance_ratio": [
    0.40426919271511946,
    0.17296335679352492
  ]
}