{
  "k": 3,
  "inertia": 86268.57496881232,
  "silhouette": 0.17153199440417843,
  "davies_bouldin": 1.7213837548957003,
  "pca_explained_variance_ratio": [
    0.40426919271511946,
    0.17296335679352492
  ]
}