{
  "k": 3,
  "silhouette": 0.17153199440417843,
  "pca_explained_variance_ratio": [
    0.40426919271511946,
    0.17296335679352492
  ]
}