{
  "y_true_head": [
    8.6,
    29.7,
    9.3,
    2.4,
    8.1,
    9.1,
    6.9,
    6.0,
    28.0,
    3.2
  ],
  "y_pred_head": [
    8.875133515167484,
    27.42711823286601,
    10.070501879469246,
    0.9300320145138965,
    8.43419176527987,
    9.803785485180166,
    7.306752629189624,
    6.09310616484427,
    26.4220460120986,
    2.718189477575809
  ]
}