{
  "y_true_head": [
    8.6,
    29.7,
    9.3,
    2.4,
    8.1,
    9.1,
    6.9,
    6.0,
    28.0,
    3.2
  ],
  "y_pred_head": [
    8.590660250785197,
    29.391937470379446,
    9.304163733768751,
    2.375005217121404,
    8.100003094248708,
    9.132815113333068,
    6.806164747979917,
    6.055598864619323,
    28.228453562500757,
    3.2008414845480004
  ]
}