{
  "y_true_head": [
    8.6,
    29.7,
    9.3,
    2.4,
    8.1,
    9.1,
    6.9,
    6.0,
    28.0,
    3.2
  ],
  "y_pred_head": [
    8.454243828798353,
    29.559005573672152,
    9.266553686183538,
    2.5915606213857565,
    7.876154145882634,
    9.113262875878679,
    6.812350715270696,
    6.049107690940428,
    25.165616700586668,
    3.4331425357226273
  ]
}