{
  "y_true_head": [
    8.6,
    29.7,
    9.3,
    2.4,
    8.1,
    9.1,
    6.9,
    6.0,
    28.0,
    3.2
  ],
  "y_pred_head": [
    8.601333333333287,
    29.80300000000003,
    9.300000000000024,
    2.3999999999999866,
    8.099999999999955,
    9.104333333333283,
    6.900000000000038,
    6.0009999999999994,
    27.99233333333333,
    3.200000000000017
  ]
}